obj_num,fracs,N_stars,N_bound,N_structures
0,0.9999995778446605,16581574,16581567,2766
1,0.9999994624343045,14881902,14881894,2042
10,1.0,4152689,4152689,426
100,0.9999886983621101,353931,353927,61
1000,1.0,2610,2610,3
1001,1.0,1359,1359,9
1002,1.0,317,317,6
1003,1.0,712,712,5
1004,0.9994883601944231,3909,3907,1
1005,1.0,187,187,6
1006,1.0,339,339,11
1007,1.0,1314,1314,2
1008,0.9963768115942029,552,550,6
1009,0.5343556280587276,45975,24567,0
101,0.9999972585615124,364772,364771,57
1010,1.0,576,576,1
1011,0.9636363636363636,275,265,4
1012,1.0,186,186,5
1013,1.0,695,695,1
1014,1.0,1569,1569,6
1015,1.0,618,618,4
10159,0.4366576819407008,371,162,0
1016,1.0,376,376,1
1017,0.9995211874551113,4177,4175,0
1019,1.0,1540,1540,5
102,1.0,380472,380472,40
1020,1.0,3969,3969,1
10201,0.18903150525087514,857,162,0
1021,1.0,2305,2305,3
1023,0.9986996098829649,769,768,6
1024,1.0,985,985,1
1025,1.0,1347,1347,4
1026,1.0,733,733,1
1027,1.0,2702,2702,2
1028,0.9995106435037925,4087,4085,0
10280,0.9681159420289855,345,334,1
1029,1.0,1184,1184,1
103,0.9999524991390469,336836,336820,75
1030,1.0,3053,3053,3
1032,1.0,301,301,1
1033,1.0,156,156,6
1035,1.0,329,329,8
1036,0.9992236024844721,1288,1287,3
1037,1.0,2093,2093,4
1038,1.0,668,668,7
1039,1.0,2113,2113,1
104,0.999984809818933,263328,263324,55
1040,1.0,1342,1342,6
1043,1.0,298,298,4
1044,1.0,1448,1448,9
1045,0.9938065864093125,40204,39955,0
10454,0.9925764192139738,2290,2273,0
10459,0.42207792207792205,462,195,0
1046,1.0,1519,1519,3
1047,1.0,389,389,6
10473,0.9711538461538461,208,202,0
1048,1.0,998,998,2
105,0.9999973215409711,373349,373348,63
1050,1.0,1946,1946,4
1051,1.0,3062,3062,3
1052,1.0,938,938,3
1053,1.0,825,825,1
1054,1.0,2211,2211,3
1056,1.0,882,882,2
1057,1.0,509,509,5
106,1.0,290393,290393,71
1060,1.0,375,375,4
1061,1.0,2282,2282,2
1062,1.0,1059,1059,0
1063,1.0,1420,1420,3
10640,0.8859060402684564,149,132,0
1065,1.0,1479,1479,2
1066,0.8907801418439716,705,628,5
1067,0.9998599701269604,21424,21421,0
1068,1.0,1987,1987,6
1069,1.0,771,771,4
10691,0.8397435897435898,156,131,0
107,0.9999972072733773,358073,358072,83
1070,0.9973753280839895,381,380,3
1071,1.0,734,734,6
1072,1.0,2092,2092,3
1073,0.9994871794871795,1950,1949,0
1075,1.0,202,202,6
1076,1.0,1579,1579,6
1077,1.0,3183,3183,3
108,1.0,266033,266033,66
1080,0.9997142040583024,3499,3498,0
1081,1.0,1840,1840,3
1083,1.0,169,169,3
1084,1.0,321,321,2
1085,1.0,5078,5078,0
1086,1.0,675,675,6
1087,1.0,203,203,4
1088,1.0,536,536,5
1089,0.9997799779977998,4545,4544,2
109,0.999996361784181,274860,274859,58
1090,0.9989708404802744,2915,2912,0
1091,1.0,137,137,2
1092,1.0,793,793,1
10928,0.25157232704402516,13038,3280,0
1093,1.0,2101,2101,2
1094,0.9251207729468599,1242,1149,0
1095,1.0,907,907,4
1096,1.0,556,556,6
1097,1.0,1181,1181,5
1098,1.0,1670,1670,2
11,1.0,2270887,2270887,510
110,0.9999970647372206,340685,340684,53
1100,1.0,1072,1072,5
1101,1.0,1188,1188,4
11010,0.847682119205298,151,128,0
1103,1.0,145,145,5
1104,1.0,3164,3164,3
1105,0.9441896024464832,10464,9880,2
1106,1.0,161,161,6
11061,1.0,156,156,0
1108,1.0,891,891,2
1109,1.0,1833,1833,1
111,0.9999866366734226,224495,224492,89
1110,1.0,1257,1257,1
1111,1.0,293,293,6
1112,1.0,591,591,5
1113,1.0,213,213,2
1114,0.9969021065675341,1614,1609,1
1115,1.0,189,189,2
1116,1.0,783,783,4
1117,0.9979381443298969,11155,11132,4
1119,1.0,217,217,4
112,0.9999909270169242,330652,330649,53
1120,1.0,419,419,6
1121,0.9999569947963703,23253,23252,0
1122,1.0,479,479,2
1123,1.0,488,488,8
1124,1.0,530,530,3
1127,1.0,261,261,4
11272,1.0,294,294,0
1128,1.0,677,677,2
1129,1.0,312,312,4
113,0.9999917845807534,365167,365164,60
1130,1.0,238,238,2
1131,1.0,826,826,0
1132,0.9992843511450382,4192,4189,0
1133,1.0,3246,3246,1
1135,0.9986338797814208,732,731,2
1136,1.0,292,292,4
114,0.9999970380813876,337619,337618,65
1140,1.0,235,235,3
1141,1.0,198,198,1
1142,0.9965277777777778,288,287,5
1143,1.0,207,207,3
1144,1.0,496,496,3
11441,0.9215686274509803,153,141,0
1145,1.0,1379,1379,2
1146,1.0,484,484,5
1147,1.0,812,812,3
1148,1.0,1597,1597,3
115,0.9999598740775597,274137,274126,61
1150,1.0,1446,1446,2
1151,0.9938806731259562,1961,1949,1
1153,0.9993261455525606,1484,1483,4
1154,1.0,237,237,7
1155,1.0,10656,10656,2
1158,1.0,2785,2785,3
1159,1.0,532,532,4
116,0.9999971469573727,350503,350502,57
1160,0.7986725663716814,452,361,4
1162,0.9822713942948547,15004,14738,0
1163,0.9994866529774127,1948,1947,2
1165,0.9998523767345734,6774,6773,0
1167,1.0,2040,2040,2
1168,1.0,983,983,3
1169,1.0,274,274,3
117,1.0,229387,229387,37
1170,0.9989304812834224,935,934,8
1172,0.9988313206077133,2567,2564,1
1174,1.0,629,629,8
1176,0.999400479616307,1668,1667,0
1177,0.882525697503671,681,601,1
11777,0.9747474747474747,198,193,0
1178,1.0,634,634,7
1179,1.0,622,622,3
118,0.9813919612241215,310296,304522,54
1181,1.0,866,866,5
1182,1.0,205,205,8
1184,0.9959893048128342,1496,1490,4
1185,1.0,219,219,2
11869,0.08426966292134831,1602,135,0
1187,1.0,221,221,3
1188,0.9982393366274777,17607,17576,0
1189,1.0,1139,1139,5
119,0.9999888386628718,268785,268782,77
1190,1.0,190,190,4
1191,1.0,229,229,2
1192,1.0,499,499,5
1193,0.9989460212301438,13283,13269,2
1194,1.0,2907,2907,1
1195,1.0,705,705,2
1197,1.0,1659,1659,5
1198,0.9390183440753594,2017,1894,1
1199,1.0,2536,2536,0
12,0.9999970324111155,3369739,3369729,370
120,0.9999944648323121,361326,361324,46
1202,1.0,498,498,1
1203,1.0,491,491,7
1204,0.9990867579908675,1095,1094,1
1208,1.0,811,811,3
121,0.9999866816276383,300337,300333,67
1210,1.0,359,359,4
12140,0.9366336633663367,505,473,0
1215,1.0,1075,1075,5
1216,1.0,788,788,3
1217,0.9988038277511961,836,835,3
1218,1.0,193,193,0
1219,0.9670466035481202,21758,21041,1
122,0.9999932367084413,147857,147856,67
1220,0.9976905311778291,1299,1296,1
12208,0.8947368421052632,608,544,0
1221,0.999703659801452,6749,6747,0
1222,1.0,195,195,6
1223,0.9,2020,1818,3
1224,1.0,853,853,2
1226,1.0,179,179,6
1229,1.0,4915,4915,0
123,1.0,305231,305231,26
1230,1.0,699,699,4
1232,1.0,493,493,3
1233,1.0,1396,1396,0
1235,1.0,431,431,3
1236,1.0,1662,1662,2
1238,1.0,187,187,6
1239,1.0,210,210,3
124,0.9999942061901065,172598,172597,56
1241,0.9851521900519673,1347,1327,2
1243,0.6472976757210865,7142,4623,0
1244,0.9995941558441559,2464,2463,1
1249,0.9991103202846975,1124,1123,4
125,0.932132950590921,827014,770887,1
1251,0.9950233750565526,6631,6598,2
1252,1.0,141,141,2
1254,1.0,145,145,10
1259,1.0,275,275,1
126,0.9999917529514125,242511,242509,35
1260,1.0,928,928,3
1263,1.0,556,556,1
12631,1.0,197,197,0
12654,0.9887640449438202,267,264,0
1266,1.0,340,340,6
1268,1.0,565,565,2
12682,0.8116438356164384,292,237,0
1269,0.9884235614572693,5874,5806,3
127,0.9999957009586862,232610,232609,51
1271,0.9832985386221295,479,471,1
1272,1.0,760,760,0
1273,0.9970882433543437,29192,29107,0
12738,0.8023255813953488,344,276,0
1276,1.0,187,187,0
1277,1.0,808,808,0
1278,0.20278204317586487,11071,2245,1
1279,1.0,179,179,3
128,0.9573578575479107,421461,403489,4
1281,1.0,798,798,1
1283,1.0,167,167,4
1284,1.0,341,341,2
1285,1.0,155,155,3
1288,1.0,1603,1603,2
129,0.9999583472175941,144048,144042,56
1291,0.9406322282189669,1297,1220,0
1292,1.0,905,905,2
1294,1.0,295,295,5
1295,1.0,807,807,4
1296,1.0,853,853,1
1299,1.0,160,160,5
13,0.9941909659222825,2325860,2312349,201
130,0.9999854349134834,205972,205969,73
1301,1.0,1848,1848,0
1302,0.9987800627396305,5738,5731,2
1303,0.9898887765419616,989,979,3
1304,1.0,2727,2727,4
1305,1.0,207,207,1
1307,0.9583677401596477,14532,13927,1
1308,1.0,1298,1298,1
1309,1.0,686,686,3
131,0.987948158243674,541494,534968,10
1310,1.0,144,144,3
1311,0.9992679355783309,1366,1365,0
1314,1.0,433,433,4
1316,1.0,337,337,3
1317,1.0,5369,5369,1
132,0.9999947037545084,188813,188812,44
1320,1.0,871,871,4
1321,1.0,186,186,4
1322,1.0,172,172,3
1323,0.9949494949494949,198,197,7
13249,0.704119850187266,267,188,0
1327,0.9996432393863718,2803,2802,2
13299,0.9949748743718593,199,198,0
133,0.999994689438355,188304,188303,33
1331,1.0,180,180,5
1332,1.0,186,186,3
1333,0.999759538313562,12476,12473,2
1334,0.9105882352941177,3825,3483,0
1335,1.0,316,316,4
13377,0.38461538461538464,416,160,0
134,1.0,195038,195038,33
1340,0.8680555555555556,2448,2125,2
1341,1.0,324,324,3
1343,0.9755256807997242,5802,5660,0
1345,1.0,218,218,0
1346,1.0,155,155,3
1347,1.0,315,315,3
1348,1.0,2879,2879,0
135,1.0,203319,203319,69
1350,0.9993418887792037,3039,3037,0
13514,0.9597701149425287,174,167,0
1352,1.0,183,183,2
1353,1.0,5987,5987,0
1356,1.0,321,321,3
1357,0.9016881827209533,2014,1816,6
1358,1.0,529,529,3
136,0.9999940695757374,168622,168621,76
1360,1.0,282,282,5
1363,0.9137826350941105,1647,1505,1
1364,1.0,135,135,3
1367,1.0,633,633,2
1368,0.9745158002038736,981,956,0
1369,1.0,212,212,2
137,1.0,354703,354703,18
1370,1.0,758,758,2
1372,1.0,202,202,1
1378,1.0,1510,1510,1
13781,0.25303030303030305,660,167,0
138,1.0,156666,156666,67
13807,0.9865229110512129,371,366,0
1381,1.0,222,222,4
1382,1.0,444,444,2
1385,1.0,204,204,1
139,1.0,225380,225380,33
1392,1.0,189,189,3
1393,1.0,298,298,1
1394,1.0,846,846,3
1395,0.4689510698787969,6683,3134,0
1396,1.0,341,341,2
1397,1.0,173,173,2
1398,1.0,153,153,3
1399,1.0,277,277,5
14,0.999995822157605,3351012,3350998,127
140,0.9999858796950014,212460,212457,57
1400,1.0,215,215,2
1401,1.0,2856,2856,0
1404,0.9627556512378902,4645,4472,1
1405,0.990909090909091,220,218,3
1406,1.0,475,475,0
1409,1.0,192,192,5
141,0.9999837033355198,245449,245445,51
1411,1.0,235,235,4
1412,1.0,148,148,1
1415,1.0,257,257,4
1417,1.0,187,187,4
1418,1.0,582,582,0
1419,0.6067796610169491,295,179,2
142,1.0,264512,264512,18
1420,1.0,339,339,1
1421,1.0,336,336,2
1423,1.0,1174,1174,2
14240,0.4913151364764268,806,396,0
1428,1.0,272,272,1
1429,1.0,138,138,1
143,0.9999236654668444,170303,170290,29
1430,1.0,173,173,3
1432,1.0,514,514,1
1434,1.0,130,130,5
1436,1.0,137,137,2
1437,1.0,180,180,3
1438,0.9874411302982732,1274,1258,6
1439,1.0,190,190,3
144,1.0,210363,210363,45
1442,1.0,231,231,3
1443,1.0,202,202,3
1444,1.0,678,678,4
14442,0.589041095890411,1387,817,0
1445,1.0,608,608,1
1446,0.9943566591422122,14176,14096,1
1447,1.0,1189,1189,0
145,0.9999019834352005,142833,142819,62
1452,1.0,260,260,1
1453,1.0,358,358,3
1455,1.0,138,138,1
1456,0.5353115842179827,51527,27583,0
1457,1.0,142,142,2
146,1.0,152726,152726,52
1461,1.0,2278,2278,0
1462,1.0,257,257,3
1465,0.9987546699875467,803,802,1
14650,1.0,165,165,0
1467,0.9958847736625515,243,242,5
147,0.9999684686815179,126858,126854,76
1472,1.0,226,226,3
1473,1.0,436,436,2
1474,1.0,595,595,0
1475,1.0,258,258,3
1479,1.0,331,331,2
148,0.9999830535282555,177028,177025,49
1483,1.0,169,169,3
1487,1.0,334,334,1
1488,1.0,132,132,1
149,0.9999957068647233,232930,232929,39
1491,1.0,169,169,0
1492,0.8753521567645401,15973,13982,1
1493,1.0,300,300,1
1495,1.0,304,304,2
1496,0.982449494949495,7920,7781,0
1497,1.0,182,182,2
15,0.999997429286087,2333982,2333976,350
150,0.9486442596014296,312818,296753,10
1500,1.0,213,213,4
15000,0.8048780487804879,205,165,0
1502,0.9967228464419475,4272,4258,1
1504,1.0,262,262,3
1505,1.0,499,499,2
1506,0.9553884711779449,1995,1906,0
1508,1.0,237,237,6
1509,1.0,1551,1551,0
151,1.0,207822,207822,34
1510,0.9915014164305949,1412,1400,0
1511,0.9997191011235955,7120,7118,0
1514,1.0,388,388,3
1516,1.0,221,221,2
1518,1.0,222,222,1
1519,1.0,961,961,3
152,1.0,233769,233769,52
1521,0.3819405496354459,1783,681,1
1526,1.0,1976,1976,2
1528,0.9857142857142858,840,828,2
1529,0.9974193548387097,3100,3092,0
153,0.992207167998687,341211,338552,32
1530,0.8255467196819085,4024,3322,0
1534,1.0,1234,1234,0
1535,1.0,210,210,1
1536,0.9948717948717949,195,194,3
1537,1.0,157,157,0
154,0.999981765134938,109680,109678,32
1540,1.0,458,458,1
1541,1.0,639,639,3
1543,1.0,137,137,6
1548,1.0,129,129,4
15492,0.47131782945736433,645,304,0
155,1.0,192174,192174,32
1550,1.0,439,439,2
1552,1.0,1600,1600,0
15529,0.9863013698630136,292,288,1
1553,0.9499130434782609,2875,2731,0
1555,0.865055519268452,15310,13244,0
1556,0.9962894248608535,539,537,3
1559,1.0,1541,1541,0
156,1.0,226091,226091,31
1561,0.7646249139710943,1453,1111,2
1567,1.0,525,525,1
1568,1.0,161,161,1
157,0.9996735436568462,373710,373588,16
1571,1.0,211,211,0
1578,1.0,2322,2322,0
158,1.0,221626,221626,37
1581,0.20387174833635813,14877,3033,1
1584,1.0,154,154,2
15840,0.13073593073593073,1155,151,0
1589,1.0,238,238,0
159,0.9982680562729787,296199,295686,11
1590,1.0,148,148,2
15909,0.6683673469387755,980,655,0
16,1.0,2878877,2878877,215
160,0.9999821877059546,112282,112280,58
1600,1.0,146,146,2
1603,1.0,986,986,1
1604,0.9991142604074402,1129,1128,0
1607,1.0,569,569,1
161,0.9999941876685576,172048,172047,46
1615,1.0,302,302,2
1617,0.9981785063752276,549,548,2
1618,1.0,254,254,4
1619,1.0,349,349,3
162,0.997723741578061,690607,689035,1
1621,0.9964610717896866,1978,1971,8
1624,1.0,179,179,2
1625,1.0,203,203,1
1626,0.9983700081499592,1227,1225,4
163,1.0,80618,80618,51
1631,1.0,174,174,2
1639,1.0,324,324,1
164,0.9999836919296796,183958,183955,39
1642,1.0,144,144,1
1645,1.0,191,191,3
1647,1.0,381,381,1
1648,1.0,3180,3180,1
165,0.9587198090674268,534639,512569,13
1653,1.0,216,216,0
1655,0.9992057673509286,16368,16355,0
1658,1.0,718,718,0
166,0.9999936073643163,156430,156429,49
1661,1.0,268,268,3
1667,0.9990723562152134,1078,1077,2
167,0.9999818028520997,164861,164858,40
1670,0.1713221601489758,1074,184,2
1675,1.0,184,184,3
1677,1.0,221,221,3
168,0.9977902849285281,312710,312019,19
1684,0.8147016534867002,5564,4533,0
1685,1.0,434,434,2
1689,1.0,265,265,0
169,0.9999929773801415,142397,142396,38
1690,1.0,346,346,0
1692,1.0,282,282,1
1697,1.0,190,190,3
1698,0.9995095635115253,2039,2038,1
17,0.9999996760728629,3087114,3087113,311
170,0.999988547738751,174638,174636,46
1700,0.9802158273381295,1112,1090,0
17026,1.0,233,233,0
1708,1.0,361,361,1
171,1.0,235208,235208,9
1715,0.99860529986053,717,716,0
1717,0.9987546699875467,803,802,1
1718,1.0,149,149,1
172,1.0,199437,199437,49
1720,1.0,141,141,3
1725,1.0,129,129,2
173,0.9987694491795465,386006,385531,15
1734,1.0,519,519,0
174,0.9999886499063617,176210,176208,57
1741,1.0,312,312,0
175,1.0,363574,363574,11
1751,1.0,643,643,0
1752,1.0,244,244,1
1753,1.0,343,343,1
17588,0.9045801526717557,262,237,0
176,0.999974981235927,119910,119907,51
17633,0.9936305732484076,157,156,0
1769,1.0,519,519,1
177,0.9999915707132863,118634,118633,54
1770,0.982635342185904,979,962,0
1772,1.0,241,241,3
1778,0.9967391304347826,920,917,1
17795,0.4933171324422843,823,406,0
178,0.9999860359249105,214837,214834,28
1782,1.0,3812,3812,2
1787,0.9945155393053017,547,544,0
179,0.9999917044804101,120547,120546,40
1790,1.0,393,393,1
1795,1.0,254,254,1
1798,1.0,156,156,2
1799,0.48930654569021387,3086,1510,0
18,0.9930387940994969,4911649,4877458,0
180,0.9999940993202417,169472,169471,6
1801,1.0,154,154,0
1803,1.0,206,206,2
1806,1.0,279,279,2
1808,0.9702127659574468,1645,1596,1
181,0.9964197179496698,242439,241571,24
1810,1.0,978,978,2
1816,1.0,361,361,4
182,0.9999757949346867,123941,123938,48
1821,1.0,131,131,1
1824,1.0,214,214,1
1825,1.0,276,276,0
183,0.9999064309245794,256495,256471,39
1837,1.0,461,461,1
18379,0.970917225950783,447,434,0
184,0.9999697839552802,99285,99282,53
1842,1.0,175,175,2
185,0.9999814254137489,161511,161508,42
1858,1.0,130,130,1
186,0.9999945983319649,185128,185127,38
1865,1.0,346,346,3
187,0.9999891814115013,184867,184865,35
188,0.9999883327499708,171420,171418,15
1882,0.9974500067105087,7451,7432,0
1883,0.7604572616263965,11547,8781,0
1886,1.0,140,140,0
18862,0.9861751152073732,217,214,0
1891,1.0,430,430,1
1892,1.0,442,442,1
1893,1.0,476,476,1
19,1.0,1858825,1858825,301
190,0.9905502007470308,285932,283230,33
1901,0.9793601651186791,2907,2847,1
1904,1.0,257,257,0
1906,0.9371061411096009,8093,7584,1
191,0.9999951089960236,204457,204456,14
19129,1.0,139,139,0
1915,1.0,391,391,3
1916,0.9952830188679245,848,844,0
1917,1.0,1145,1145,0
192,1.0,156519,156519,19
1920,1.0,509,509,0
1921,1.0,274,274,1
193,0.9999739241540561,115049,115046,51
194,0.9999801386323462,201396,201392,20
1942,1.0,797,797,4
1948,1.0,225,225,1
1949,1.0,144,144,2
195,0.9999692503228717,97562,97559,38
1950,1.0,629,629,1
1953,1.0,323,323,1
1957,0.9875776397515528,161,159,2
196,1.0,79172,79172,42
1968,0.9920212765957447,376,373,0
1969,0.665778285424202,31518,20984,0
197,0.9999909392385337,110366,110365,32
19715,1.0,154,154,0
1974,1.0,149,149,1
198,0.9999913695639041,115869,115868,25
199,0.9999853780861377,136781,136779,35
1995,1.0,177,177,1
1996,0.9924242424242424,132,131,0
2,0.9999419096487614,17403923,17402912,1838
20,0.9999990945182589,2208769,2208767,232
200,0.9998791722046073,240011,239982,4
2000,1.0,481,481,1
2001,1.0,286,286,0
201,0.9999946491443982,186886,186885,22
2011,1.0,544,544,1
20157,1.0,181,181,0
202,0.9999933510196212,150399,150398,42
2022,0.9543568464730291,1446,1380,0
2028,1.0,406,406,1
203,0.9999069960437548,139779,139766,30
2033,1.0,222,222,2
204,1.0,104040,104040,45
2042,1.0,355,355,0
2044,0.8249027237354085,257,212,0
205,1.0,151541,151541,11
20512,0.7079646017699115,226,160,0
2054,1.0,299,299,0
206,0.9998121430718365,106464,106444,7
207,0.9999921631936554,127603,127602,34
2074,1.0,256,256,1
20747,0.8663967611336032,247,214,0
208,0.9999863447673148,73232,73231,31
2084,1.0,263,263,1
2086,1.0,201,201,1
209,1.0,48090,48090,49
2092,1.0,592,592,0
2096,0.9227373068432672,453,418,4
21,0.9999857730685104,2178966,2178935,190
210,1.0,111402,111402,25
211,0.9999779704951498,136181,136178,33
2112,0.9949874686716792,399,397,1
212,0.999985974951263,142602,142600,42
213,0.9999113165610779,180417,180401,19
2133,1.0,165,165,1
214,1.0,149917,149917,27
2146,1.0,269,269,0
215,0.9999918241873242,122312,122311,24
2153,0.9726027397260274,146,142,0
216,0.9999611861512188,51528,51526,42
2162,0.9782244556113903,597,584,1
2163,1.0,417,417,0
2166,1.0,128,128,1
2168,0.996284599665614,5383,5363,0
217,1.0,127152,127152,49
2174,0.7695652173913043,230,177,1
2179,0.9980506822612085,3591,3584,1
218,1.0,120404,120404,15
2181,0.5454780361757106,3870,2111,1
2184,0.9172413793103448,725,665,0
2186,0.8149261207112447,3993,3254,1
219,0.9999791007760579,143546,143543,38
22,0.9999979863406776,1489825,1489822,234
220,0.999896363293763,106140,106129,25
2204,0.9989816700610998,982,981,0
221,0.9999924271682911,132051,132050,30
2212,0.6192307692307693,780,483,0
2214,1.0,283,283,2
2215,1.0,982,982,0
222,1.0,126665,126665,17
22246,0.6416184971098265,346,222,0
223,0.9972792683526461,305065,304235,2
2230,0.9856115107913669,278,274,1
2234,1.0,872,872,0
2239,0.908484211827226,16183,14702,0
224,0.9999845650429092,129576,129574,42
225,0.9999052192594465,158260,158245,22
226,0.9999422666127822,69284,69280,37
2265,0.9490740740740741,432,410,0
227,0.9998570054337935,153852,153830,4
228,1.0,127351,127351,16
2280,1.0,266,266,0
2281,1.0,793,793,0
2283,0.9967466449776332,4918,4902,0
229,1.0,89873,89873,32
2290,0.9976940814757879,1301,1298,1
2294,0.9620991253644315,343,330,0
23,0.9998096002072548,1922271,1921905,123
230,1.0,128933,128933,23
2303,0.9954421148587056,1097,1092,2
231,0.9803243575794517,175547,172093,3
232,1.0,113305,113305,32
2323,1.0,974,974,1
23231,0.9047619047619048,315,285,0
2324,1.0,184,184,0
2325,1.0,353,353,1
2327,1.0,1123,1123,0
233,0.9999635797940698,192201,192194,13
2339,0.9989068648885002,4574,4569,0
234,1.0,129274,129274,36
2345,0.9985744832501782,1403,1401,0
235,0.9999482237882928,173825,173816,20
236,1.0,136703,136703,19
2361,0.9330702908081251,6843,6385,0
2368,0.821875,2240,1841,0
237,0.9921192279175934,240078,238186,2
2374,0.999580008399832,4762,4760,1
238,1.0,101231,101231,40
2387,0.9973214285714286,2240,2234,1
2388,0.9990412272291467,1043,1042,0
239,0.8348048619080728,238754,199313,30
24,0.9998917531807798,1699819,1699635,74
240,0.9999591141396934,73375,73372,42
2405,0.7830468286899822,1687,1321,0
2406,0.9955838495067676,17436,17359,0
241,0.9999876830605131,81189,81188,34
2414,1.0,385,385,0
242,0.9992898304809095,184463,184332,4
2429,0.3394919168591224,866,294,1
243,0.9999452729511561,109635,109629,35
2438,0.9998379779650033,6172,6171,1
244,0.9999916551925564,119835,119834,18
245,1.0,74256,74256,41
2452,1.0,740,740,2
2454,0.8543689320388349,206,176,0
246,1.0,115370,115370,20
2466,0.9967373572593801,613,611,0
2468,1.0,351,351,0
247,0.9999904582884078,104803,104802,50
248,1.0,103294,103294,22
249,0.9999779190955661,90576,90574,27
2497,1.0,177,177,1
25,0.9999994969897351,1988031,1988030,130
250,1.0,117249,117249,29
251,1.0,89621,89621,44
252,0.999978253778406,45985,45984,27
2521,0.3254759746146872,1103,359,0
253,0.9942887994668421,237078,235724,7
2531,0.8978562421185372,793,712,0
254,0.9730289512958423,241889,235365,0
2544,1.0,313,313,0
255,0.9999918026739677,121991,121990,9
2550,0.0191650390625,8192,157,0
25513,0.976878612716763,173,169,0
2554,0.9507874015748031,1524,1449,0
256,0.9999708412305001,68590,68588,48
2561,0.9956709956709957,231,230,0
257,0.9999569661108123,46475,46473,43
2576,0.995260663507109,211,210,2
258,0.9989817498237644,127670,127540,17
2585,0.9502164502164502,462,439,0
259,0.9808804417036643,229294,224910,9
26,0.99499378483746,3256552,3240249,12
260,0.9999867495262955,75469,75468,29
2605,0.99833748960931,1203,1201,1
2606,1.0,283,283,0
261,1.0,121995,121995,23
2629,0.9873708381171068,2613,2580,0
263,0.9999811274463548,105974,105972,12
264,0.9995487660486947,259289,259172,9
2645,1.0,140,140,1
2646,1.0,477,477,1
2649,1.0,148,148,0
265,1.0,77786,77786,32
266,0.9999862035663781,144965,144963,14
2661,1.0,933,933,2
2665,1.0,156,156,0
267,0.9999581257066287,23881,23880,43
2676,1.0,602,602,1
2677,0.9981515711645101,1623,1620,0
268,0.9999919802393097,124692,124691,33
269,0.9999754432493493,81444,81442,30
2694,1.0,1577,1577,1
27,0.9999988598401496,1754140,1754138,66
270,0.9450124545331374,95949,90673,3
271,1.0,84633,84633,27
2723,1.0,262,262,0
2727,0.9771428571428571,175,171,1
2728,0.9725824379399778,2699,2625,0
273,0.9999469026548673,56500,56497,33
2731,0.6969486823855756,2884,2010,0
2739,0.9897654584221749,2345,2321,2
274,1.0,69507,69507,10
275,0.9999909426853126,110408,110407,19
2755,1.0,726,726,0
276,0.9999802348104518,101188,101186,12
2768,0.9462854088722609,7484,7082,0
277,1.0,68625,68625,32
2776,0.9949748743718593,199,198,0
278,0.9999860487178772,71678,71677,21
2783,0.8675496688741722,151,131,3
279,0.9127327702301774,193807,176894,6
2796,1.0,406,406,2
28,0.9997627955931839,1041296,1041049,159
280,0.7255972433811833,416162,301966,0
281,0.9999878909702965,82583,82582,30
28102,0.9930555555555556,144,143,0
2823,0.9637681159420289,276,266,0
283,0.9999688764394646,32130,32129,34
284,1.0,16542,16542,19
285,1.0,74059,74059,22
2852,1.0,604,604,0
2855,1.0,225,225,0
286,0.9915313602361713,79942,79265,28
2862,0.9753914988814317,894,872,0
287,0.9999839313547475,62233,62232,28
288,1.0,63895,63895,32
28823,0.6534090909090909,528,345,0
2884,0.8184143222506394,782,640,1
289,0.9999633493781611,81854,81851,23
29,1.0,1446700,1446700,115
290,1.0,59378,59378,17
2908,0.4176334106728538,431,180,1
2909,0.9855072463768116,138,136,1
291,1.0,103382,103382,15
2920,0.9697933227344993,629,610,0
293,1.0,62273,62273,21
29309,0.2140921409214092,1107,237,0
2931,0.9997280391623606,3677,3676,0
294,1.0,85487,85487,22
295,0.9999611791195424,77278,77275,21
2951,1.0,146,146,0
2957,1.0,294,294,0
296,0.9987001765101217,135403,135227,17
2964,1.0,382,382,0
297,0.9999351609305703,77114,77109,11
298,1.0,102814,102814,17
2982,0.9983193277310924,595,594,0
299,0.9998148450688885,91815,91798,26
3,0.9999997287603044,11060328,11060325,1066
30,0.9999982065868478,1672788,1672785,82
300,0.9370180591347484,299959,281067,4
3000,0.5790754257907542,411,238,0
3005,0.9836065573770492,244,240,3
301,0.9999141778235496,23304,23302,23
3018,0.3315436241610738,745,247,0
302,0.9999840416194564,62663,62662,26
303,0.9999569955889761,162774,162767,19
3036,0.9612403100775194,903,868,0
3039,0.9659863945578231,147,142,1
304,0.9995186388588038,108027,107975,14
30409,0.9913793103448276,348,345,0
3043,0.824773413897281,331,273,0
305,0.9821997172186268,173986,170889,17
306,0.9999738106773868,76367,76365,28
3061,0.2522064960664879,56311,14202,0
307,0.9998187601381048,110351,110331,1
308,0.9999133839171257,57726,57721,20
3085,0.9985855728429985,707,706,0
309,1.0,54839,54839,26
3094,0.38487362317232193,36043,13872,0
31,0.9921149039613791,2920700,2897670,67
310,0.9999628515175155,53838,53836,18
3109,1.0,910,910,0
311,1.0,84874,84874,12
3117,0.9891343070894193,5614,5553,0
312,1.0,82145,82145,13
3122,0.9944237918215614,1076,1070,0
31281,0.4111776447105788,501,206,0
313,0.9681806583312069,235140,227658,0
3139,0.9972972972972973,370,369,0
314,0.9999780072356195,90939,90937,18
3142,0.9991928974979822,1239,1238,0
315,0.9377402426659833,179506,168330,11
316,0.9999037681637591,72741,72734,17
317,0.9999793674046258,48467,48466,21
3176,1.0,184,184,1
3179,0.570957095709571,303,173,0
318,0.9999881024616007,84051,84050,19
319,1.0,76117,76117,26
32,0.9999990554105611,1058661,1058660,157
320,1.0,51475,51475,13
3208,1.0,182,182,0
3209,0.48573324485733244,1507,732,0
321,0.9997693815582119,26017,26011,31
3218,1.0,148,148,0
322,0.9999774992687263,44443,44442,17
323,0.9999846460924305,65130,65129,23
3238,0.997716894977169,438,437,1
324,1.0,76177,76177,14
3243,0.3887240356083086,337,131,0
325,0.9918882109893346,217338,215575,2
326,0.999981005926151,52648,52647,22
327,0.999983431089903,60354,60353,22
3270,0.881159420289855,345,304,2
3274,0.8355704697986577,298,249,0
328,0.9996298802315562,172917,172853,8
329,0.9981006317312776,143732,143459,2
3299,0.8376068376068376,819,686,0
33,0.9999973706237318,1140955,1140952,155
330,1.0,54898,54898,19
3304,0.9949748743718593,199,198,0
3307,0.7418755803156918,5385,3995,0
331,0.9999815959952886,54336,54335,23
332,0.9956452858428004,125611,125064,2
333,0.9555744186565998,223835,213891,4
3332,1.0,140,140,0
334,1.0,57786,57786,25
3349,0.8366013071895425,153,128,0
335,1.0,60787,60787,31
336,1.0,67019,67019,19
337,1.0,63006,63006,11
338,0.9990368279533932,74753,74681,6
3380,1.0,283,283,0
339,0.9999772913071123,44036,44035,23
3392,0.26238791882963663,2119,556,0
34,0.9999979377829105,969830,969828,172
340,0.9789095652321218,118063,115573,17
341,0.9999534775529193,21495,21494,21
342,0.9999586058448547,48316,48314,12
3427,0.875,216,189,0
3429,0.9932659932659933,297,295,0
343,0.9999721487258042,35905,35904,19
344,1.0,72676,72676,18
345,0.9998771015632681,40684,40679,16
3452,0.033250525511179053,10466,348,0
3454,0.43375174337517436,4302,1866,0
346,0.9999864736913296,73930,73929,7
3468,0.6295103092783505,1552,977,1
347,1.0,61866,61866,26
348,0.9979853103106131,165286,164953,10
3484,0.9990300678952473,1031,1030,0
3488,1.0,689,689,0
349,0.998720560469045,80504,80401,8
35,0.9732200339492898,1085737,1056661,166
350,1.0,76763,76763,11
3503,1.0,6355,6355,1
351,1.0,53611,53611,26
352,0.979930564366371,173398,169918,14
3521,0.6652221018418202,923,614,0
3526,0.9590288315629742,659,632,0
353,0.9999678812892451,62269,62267,13
3538,1.0,228,228,0
354,1.0,31522,31522,19
355,0.999977026809713,43529,43528,25
356,0.9999571348964807,46658,46656,14
357,0.9997826602386786,50612,50601,13
358,1.0,59413,59413,14
359,0.999938401645908,162342,162332,0
35974,0.36477987421383645,477,174,1
36,1.0,851164,851164,136
360,0.999968589018721,31836,31835,21
3600,0.9982817869415808,582,581,1
361,0.9999485742202566,38891,38889,18
362,1.0,38363,38363,15
363,1.0,44555,44555,22
3635,1.0,266,266,0
364,0.9999456226209896,18390,18389,15
365,0.9901418610242847,174678,172956,1
3659,0.3605311169673627,9866,3557,0
366,0.9999784352626585,46372,46371,18
3667,1.0,128,128,0
367,0.9997913030280033,52708,52697,21
3676,1.0,321,321,0
368,1.0,14387,14387,12
3681,0.8423236514522822,241,203,0
3683,0.9890510948905109,274,271,0
369,1.0,21155,21155,27
3698,1.0,174,174,1
37,1.0,1013877,1013877,130
370,0.4675301183025216,55282,25846,10
371,1.0,27129,27129,17
372,0.9510921542977123,90967,86518,2
3726,0.9941860465116279,172,171,0
373,1.0,36838,36838,10
374,0.9999343314946152,60912,60908,13
376,0.9999316122414088,29245,29243,11
377,0.9999795279136897,48847,48846,15
3772,0.4210943695479778,1261,531,0
378,1.0,12056,12056,10
3792,0.9934569247546347,4585,4555,0
3793,0.6159600997506235,401,247,0
38,0.999997255755367,728798,728796,183
380,0.9999808861195,52318,52317,5
381,0.9215929407693638,173390,159795,6
3815,0.9707762557077626,1095,1063,0
382,0.9999740495653302,38535,38534,20
3828,0.9931972789115646,294,292,2
383,0.9580968913655526,137102,131357,5
384,0.9998325519089082,41804,41797,18
385,0.9999467802022353,18790,18789,13
3855,1.0,714,714,1
386,0.9999838847436868,62053,62052,11
3860,0.9961759082217974,523,521,0
387,1.0,58081,58081,18
388,0.954324167765631,162274,154862,6
3888,0.9343065693430657,137,128,1
389,0.9999607350400502,25468,25467,14
39,0.9999990205018753,1020931,1020930,150
390,0.9999620414128186,52689,52687,15
3908,0.9712918660287081,209,203,0
391,1.0,48504,48504,20
3919,0.6858006042296072,993,681,1
392,1.0,49546,49546,14
3928,0.9994079336885732,1689,1688,0
393,0.9999518420418975,20765,20764,16
3934,0.7142857142857143,203,145,0
394,0.9999780113461454,45478,45477,16
3948,1.0,152,152,2
395,0.9999593380230147,24593,24592,19
396,0.9999750840911922,40135,40134,18
397,0.9794500148912936,30219,29598,21
398,0.9999551529285138,22298,22297,16
399,0.9999668610816543,30176,30175,10
4,0.9999991956983805,7459888,7459882,965
40,0.9999946744774331,751100,751096,37
400,1.0,41662,41662,15
401,1.0,35598,35598,17
402,0.9999349085465078,15363,15362,17
403,0.9998518898288188,175545,175519,2
4031,1.0,369,369,0
4036,0.6549360146252285,2188,1433,0
404,0.999519707021283,66626,66594,11
4045,0.4051012753188297,1333,540,1
405,1.0,23556,23556,13
406,0.45277840679258574,516681,233942,0
4063,0.8093306288032455,493,399,0
407,1.0,45339,45339,18
4077,0.83203125,256,213,0
408,1.0,24170,24170,13
409,0.9998345242572395,66475,66464,12
4091,0.789598108747045,1692,1336,0
41,0.9999990515483473,1054350,1054349,132
410,0.9999767062660144,42930,42929,9
411,1.0,21091,21091,13
4114,1.0,133,133,0
412,1.0,12082,12082,17
4120,1.0,1318,1318,0
4126,1.0,152,152,0
413,0.942227761579544,177317,167073,0
414,0.9987921887346202,88590,88483,12
415,0.9999769213016386,43330,43329,10
416,0.9999626433561208,53538,53536,13
417,0.9999293510897594,28309,28307,22
418,0.9877677474493883,18721,18492,15
419,1.0,18257,18257,14
4199,0.9112376718988748,7199,6560,1
42,1.0,1151901,1151901,110
420,0.9999709732663783,34451,34450,13
421,0.9999781315605318,45728,45727,9
422,1.0,31101,31101,14
423,0.9999620507760616,26351,26350,17
424,1.0,26212,26212,10
425,0.9998858154206275,35031,35027,17
426,1.0,57494,57494,7
427,0.9998633739795744,29277,29273,19
428,0.9993139123332426,91825,91762,3
429,0.9999764860797592,42528,42527,16
4297,0.9356060606060606,264,247,1
43,0.9999990292591014,1030141,1030140,129
430,1.0,35364,35364,15
4302,0.9986225895316805,726,725,0
431,1.0,25415,25415,12
432,0.9998553778769472,48402,48395,11
433,1.0,41278,41278,12
4334,1.0,450,450,0
434,0.9999754438523685,40723,40722,14
435,0.9999698477310418,33165,33164,22
436,0.9930485377430716,65310,64856,16
4363,0.8455696202531645,395,334,0
437,1.0,18735,18735,19
438,1.0,40845,40845,14
4382,1.0,193,193,1
439,0.9999573506205485,23447,23446,7
4392,0.9467532467532468,1540,1458,0
44,0.999999013748348,1013940,1013939,141
440,0.999963979540379,27762,27761,19
441,1.0,38129,38129,5
4416,1.0,623,623,0
442,0.9999773098565983,44072,44071,8
443,0.9980932719739652,69753,69620,10
444,0.9999647726071793,28387,28386,15
445,0.997762963227037,112202,111951,4
446,0.9998570611778159,6996,6995,17
4468,0.9942857142857143,175,174,0
447,1.0,33914,33914,11
448,1.0,46738,46738,12
449,0.999969841365583,33158,33157,16
45,0.9999987902425805,826612,826611,147
450,0.9999223557272356,51517,51513,9
451,1.0,33021,33021,11
4513,0.9970095693779905,1672,1667,0
452,1.0,24117,24117,15
453,1.0,17888,17888,9
4530,1.0,527,527,0
454,0.9999421775918894,51883,51880,17
4549,0.3432642487046632,772,265,0
455,1.0,41230,41230,8
4559,0.9913793103448276,1392,1380,2
456,1.0,23105,23105,10
457,0.9577887652488365,89597,85815,7
458,0.9998501648186995,20022,20019,16
459,0.9999591770084911,24496,24495,10
46,1.0,997605,997605,107
460,1.0,29363,29363,11
462,0.9354154755098152,41976,39265,11
463,1.0,34056,34056,11
46322,0.23351158645276293,561,131,0
464,1.0,17484,17484,14
4645,1.0,373,373,1
465,0.992073697534709,99542,98753,8
466,1.0,21083,21083,7
4661,0.8694006309148264,4755,4134,0
4666,1.0,160,160,0
467,1.0,5228,5228,15
4672,0.9366602687140115,521,488,0
468,1.0,37543,37543,19
469,0.9974292517436838,47457,47335,4
47,0.9999941539749463,855282,855277,106
470,0.999914915340764,35259,35256,5
4707,0.9970238095238095,336,335,1
471,0.9999513381995134,41100,41098,6
472,1.0,7300,7300,9
473,1.0,22899,22899,19
4734,0.5804093567251462,684,397,0
4739,0.9305925432756325,6008,5591,0
474,1.0,4743,4743,13
4749,0.990909090909091,330,327,0
475,1.0,26904,26904,7
476,0.9999735050207985,37743,37742,13
477,0.9999734099127845,37608,37607,12
478,0.8205247613328595,81599,66954,8
4787,1.0,201,201,0
479,0.9998748247546565,39944,39939,9
4790,0.9945054945054945,182,181,0
4796,1.0,499,499,0
48,1.0,819204,819204,175
480,0.9999689151383276,32170,32169,10
4805,0.9920212765957447,376,373,0
481,1.0,8963,8963,14
482,0.9992329629265414,50845,50806,6
483,1.0,23452,23452,16
484,0.9992738869826445,70237,70186,6
485,0.999960788926793,25503,25502,10
486,1.0,32784,32784,11
487,1.0,11164,11164,9
488,1.0,33311,33311,10
4899,0.9937354988399072,4310,4283,0
49,0.9999989724429758,973182,973181,114
490,0.9999680888406676,31337,31336,9
491,1.0,20788,20788,13
492,0.9972423302309549,37713,37609,3
493,0.9999594961318806,24689,24688,10
494,0.9994229992498991,17331,17321,16
49407,0.32033898305084746,590,189,0
495,0.9956235681137284,102138,101691,7
496,0.9999394966118103,16528,16527,11
497,0.9481602146416251,31308,29685,2
498,1.0,25991,25991,7
499,0.9494907138122742,73927,70193,3
5,0.9999998478158377,6570986,6570985,921
50,1.0,694034,694034,110
500,0.9947418269701819,30619,30458,1
501,0.999944792253249,90567,90562,5
503,1.0,23690,23690,10
505,1.0,17565,17565,21
506,1.0,13703,13703,17
507,1.0,22669,22669,9
5077,1.0,172,172,0
508,1.0,32393,32393,7
509,0.9999321389793703,29472,29470,9
51,0.9992528849815394,966384,965662,52
510,1.0,33987,33987,8
512,0.9999071710373637,43090,43086,12
513,1.0,18417,18417,18
514,1.0,20523,20523,6
515,0.9998061639852684,5159,5158,20
516,0.9999511074170049,20453,20452,17
517,0.9997709180459309,17461,17457,9
518,1.0,13666,13666,9
519,1.0,7230,7230,18
52,0.9835951476534739,612075,602034,90
520,1.0,36096,36096,12
521,1.0,17118,17118,16
522,1.0,20410,20410,7
523,0.9984754695159616,76089,75973,9
524,1.0,20930,20930,10
525,1.0,3154,3154,10
526,1.0,19068,19068,6
527,1.0,21280,21280,6
528,1.0,12426,12426,8
529,0.9996026467183802,57883,57860,7
53,0.999957313105782,773071,773038,73
530,0.9999675039807624,30773,30772,13
532,1.0,14637,14637,8
5320,1.0,1003,1003,0
533,1.0,5795,5795,6
534,0.9931626810373864,59380,58974,10
535,1.0,23643,23643,5
536,1.0,13451,13451,11
537,1.0,7590,7590,16
538,0.9999649442613756,28526,28525,8
539,1.0,16598,16598,5
54,0.9999947431503249,760912,760908,141
5404,0.9813008130081301,1230,1207,0
541,1.0,7057,7057,10
542,0.9999581362247247,23887,23886,9
543,1.0,15244,15244,13
544,1.0,13039,13039,8
545,0.9995452478399273,4398,4396,8
546,0.9999102414504981,11141,11140,1
547,0.9999483123998553,19347,19346,2
5478,0.9937027707808564,794,789,0
548,0.9999504189597898,20169,20168,9
549,0.9999595092521358,24697,24696,8
55,0.9999892081187323,741298,741290,129
550,0.9586174949172607,38857,37249,2
552,0.9788151718888748,7883,7716,12
553,1.0,24945,24945,1
554,0.9994791666666667,1920,1919,15
555,1.0,19444,19444,6
556,0.9999565783760312,23030,23029,10
557,0.9999608717768126,25557,25556,6
558,1.0,26706,26706,7
559,0.9997391077484998,15332,15328,10
56,0.9999795196571906,634755,634742,170
560,0.9998476538695917,13128,13126,13
561,0.9995513180033652,17830,17822,9
562,0.9993933143238488,82415,82365,1
563,1.0,6784,6784,10
5632,0.6218158066623122,1531,952,1
564,0.9996875650906061,9602,9599,10
565,0.9998026299558385,40533,40525,8
566,1.0,9630,9630,5
5665,0.8419224088013897,1727,1454,0
567,1.0,23174,23174,12
5674,0.5791962174940898,423,245,0
568,1.0,15983,15983,12
569,0.9999012930609021,10131,10130,16
57,0.9999932890710285,447032,447029,134
570,0.9912506214047297,70405,69789,3
5701,0.17983963344788087,873,157,0
5718,0.9973045822102425,371,370,0
572,1.0,8806,8806,9
573,1.0,2847,2847,6
574,1.0,25950,25950,7
575,0.9339396266257138,83348,77842,1
576,0.9972215108834828,78100,77883,5
577,0.9997456118036123,3931,3930,7
578,0.9999552952747105,22369,22368,13
579,1.0,9314,9314,6
58,0.9902801928903071,836745,828612,96
580,1.0,23327,23327,10
581,1.0,17578,17578,7
5818,0.1520763187429854,1782,271,0
582,1.0,14324,14324,6
583,1.0,6707,6707,5
584,1.0,13254,13254,11
585,0.994385593220339,84960,84483,0
586,0.9988217967599411,23765,23737,6
587,1.0,23851,23851,0
588,1.0,16610,16610,8
589,1.0,18698,18698,9
59,0.9999947160330089,757007,757003,50
590,1.0,952,952,10
591,1.0,15772,15772,8
5912,0.7685185185185185,540,415,0
592,1.0,17079,17079,6
593,0.9930933137398972,6805,6758,4
594,0.9998896490840874,9062,9061,10
595,0.9762422485302408,12417,12122,4
596,0.999838605551969,18588,18585,2
597,1.0,20290,20290,4
598,0.9999166909651351,24007,24005,6
599,1.0,7858,7858,7
6,0.9999992618522539,8128454,8128448,810
60,0.9999967215372056,610042,610040,95
600,0.9993313541415925,37389,37364,2
601,0.9868818116068534,40097,39571,3
6019,1.0,132,132,2
602,0.9992998208365081,48559,48525,2
603,1.0,17098,17098,10
604,1.0,11453,11453,15
606,1.0,10392,10392,10
607,0.9998821009608772,50891,50885,3
608,0.9999386465427327,16299,16298,7
609,0.9286992840095465,3352,3113,2
61,0.9999974030392232,770131,770129,47
610,0.9998220007119971,5618,5617,6
6107,0.29501722158438576,21775,6424,0
611,1.0,8247,8247,13
6110,1.0,131,131,0
612,1.0,15351,15351,10
613,1.0,9878,9878,9
614,0.9959754174144776,18387,18313,7
615,0.9765969008225749,106738,104240,0
616,1.0,740,740,14
617,0.9665642210350447,48481,46860,0
618,1.0,5922,5922,5
619,1.0,2282,2282,9
62,0.9999876630977036,648461,648453,64
620,1.0,7121,7121,11
621,1.0,5977,5977,5
6211,0.9924242424242424,132,131,0
622,0.9999587509796642,24243,24242,8
623,1.0,17017,17017,6
624,0.9915855469394489,6061,6010,3
625,0.999897082282715,38866,38862,5
626,1.0,10268,10268,12
627,1.0,11438,11438,10
6272,0.15353535353535352,990,152,0
6278,0.882943143812709,299,264,0
628,1.0,16986,16986,3
629,0.9998781527963934,8207,8206,10
63,0.999997633936916,422643,422642,108
631,1.0,17394,17394,6
632,1.0,6480,6480,6
633,0.9997116493656286,3468,3467,8
634,1.0,23612,23612,5
636,0.9978803914874246,70296,70147,0
637,0.9999387142244285,16317,16316,7
638,1.0,2702,2702,10
6387,0.7981220657276995,213,170,2
639,1.0,11584,11584,5
64,0.999996020193538,502537,502535,81
640,0.9998927815155333,37307,37303,5
641,0.9998174349612049,43820,43812,1
642,1.0,21326,21326,4
643,0.830660029498525,21696,18022,3
6438,0.3031496062992126,508,154,0
644,0.9999766654999417,42855,42854,2
645,0.999856548558313,13942,13940,6
646,0.9999499924988748,19997,19996,4
6466,0.9182692307692307,2912,2674,0
647,0.9949992513849378,33395,33228,4
648,1.0,1790,1790,6
649,1.0,11695,11695,3
6495,0.978448275862069,232,227,1
6497,0.9931506849315068,146,145,1
6499,0.9547169811320755,265,253,1
65,0.9894384986300182,1752213,1733707,3
650,0.974717940568886,62930,61339,11
651,1.0,18916,18916,6
652,1.0,2005,2005,7
6524,1.0,794,794,0
653,0.9998432356168678,6379,6378,4
655,1.0,4753,4753,13
656,1.0,11348,11348,5
658,1.0,10140,10140,8
659,0.9995827538247566,7190,7187,3
6591,0.937645416472778,2149,2015,0
66,0.99999632353617,544001,543999,79
660,0.9886485487151044,27045,26738,3
661,1.0,9004,9004,7
663,1.0,9149,9149,8
6635,0.5095785440613027,783,399,0
664,0.9999340717299579,30336,30334,6
665,0.999526066350711,2110,2109,6
666,0.9890636195648075,26517,26227,6
667,1.0,5937,5937,11
668,0.9992852037169406,2798,2796,9
669,1.0,10402,10402,10
67,1.0,318161,318161,119
670,0.9998479781088476,6578,6577,5
671,1.0,8443,8443,7
672,1.0,7750,7750,8
673,1.0,7634,7634,7
674,0.8791531973847313,123429,108513,1
675,1.0,11652,11652,8
676,0.9909547738693467,17910,17748,5
677,0.9998333055509252,5999,5998,6
678,1.0,3185,3185,6
679,0.999900773963088,10078,10077,7
68,0.9999980619967248,515995,515994,75
680,0.9939656637769846,11766,11695,2
681,1.0,12209,12209,4
6815,0.18106686701728025,1331,241,0
682,0.9960593780086425,89326,88974,4
683,0.9986937780293464,22967,22937,3
685,0.9997702205882353,8704,8702,5
686,0.9999118554429264,11345,11344,3
687,1.0,7029,7029,6
6871,0.9176829268292683,328,301,0
688,1.0,1917,1917,7
689,0.9999597050408994,24817,24816,4
69,0.996453630447861,616687,614500,65
690,1.0,6457,6457,6
691,0.9994871794871795,1950,1949,14
692,1.0,3707,3707,13
693,0.9998763141620285,8085,8084,7
694,0.9994680985790634,39481,39460,3
695,1.0,13375,13375,6
696,0.9999212040028367,12691,12690,5
697,0.9999090578392142,10996,10995,7
699,1.0,2214,2214,7
7,0.9999732791835989,5987841,5987681,513
70,0.9994519322460456,406884,406661,114
700,0.9990085922009253,3026,3023,6
701,1.0,1084,1084,14
7019,0.991701244813278,482,478,0
702,0.9996577686516085,2922,2921,10
703,0.9995253915519696,12642,12636,4
704,0.9324067815442736,107999,100699,0
705,0.9777410707032413,36929,36107,0
7052,1.0,391,391,0
706,1.0,5973,5973,4
707,0.9997551270278543,32670,32662,5
708,0.985589660743134,15475,15252,11
709,1.0,6554,6554,6
71,0.9999918989507521,617204,617199,74
712,1.0,17840,17840,2
713,1.0,14789,14789,8
714,1.0,10215,10215,5
716,1.0,5545,5545,3
7166,1.0,130,130,0
717,0.9998284734133791,5830,5829,10
718,1.0,5098,5098,2
719,1.0,3333,3333,7
72,0.9999976401625456,423758,423757,86
720,0.9931964218218471,7937,7883,0
721,1.0,11977,11977,7
723,1.0,9653,9653,3
724,1.0,6770,6770,7
725,0.9998663578047042,44896,44890,2
7254,0.7039800995024875,804,566,0
726,1.0,13046,13046,8
727,1.0,5408,5408,7
7274,0.32225127630432077,16062,5176,0
728,1.0,4489,4489,11
729,1.0,6235,6235,6
7299,1.0,349,349,0
73,1.0,469439,469439,62
730,1.0,5759,5759,6
731,1.0,1963,1963,9
732,0.9944101206237128,3399,3380,10
733,1.0,4690,4690,2
734,1.0,576,576,7
735,1.0,3551,3551,8
736,1.0,6467,6467,5
7368,0.8677685950413223,242,210,0
737,0.9747828736858144,78756,76770,1
738,1.0,2306,2306,5
74,0.9892803314420882,425293,420734,72
740,1.0,6820,6820,10
741,1.0,4045,4045,9
742,1.0,1892,1892,10
743,1.0,2157,2157,5
744,0.9966859983429992,6035,6015,5
745,1.0,13459,13459,5
746,0.9971092787413516,21102,21041,2
7465,1.0,1076,1076,0
7468,0.8033333333333333,300,241,0
747,0.9871412406131056,38884,38384,2
748,0.9999309725961206,14487,14486,5
749,1.0,3242,3242,11
75,0.9999950681013012,608285,608282,57
750,0.9999695715676729,32864,32863,2
751,0.9938981309011498,15569,15474,1
752,1.0,9075,9075,3
753,0.9998529411764706,6800,6799,5
7537,1.0,313,313,0
754,0.9997081144191476,3426,3425,10
755,1.0,4125,4125,7
756,1.0,4836,4836,4
757,1.0,7022,7022,3
758,0.9999116997792494,11325,11324,4
759,0.999803343166175,10170,10168,1
76,0.9999423490659238,381607,381585,111
761,1.0,6616,6616,6
762,1.0,3339,3339,2
763,0.9998363204844913,12219,12217,1
764,1.0,6891,6891,9
765,1.0,2982,2982,4
766,0.9997173544375353,3538,3537,4
767,1.0,7292,7292,6
768,1.0,4574,4574,4
7689,0.9016697588126159,539,486,0
769,0.9983471074380166,15125,15100,2
77,0.9994483981482224,498548,498273,85
770,1.0,5127,5127,3
771,1.0,7503,7503,6
772,1.0,2381,2381,6
773,1.0,6967,6967,4
774,1.0,9402,9402,5
775,1.0,7544,7544,4
776,0.9997589490177172,8297,8295,3
778,1.0,4627,4627,4
779,0.9998750936797401,8006,8005,6
78,0.9999946476837852,373670,373668,96
780,1.0,6756,6756,4
781,0.9115552248325715,18814,17150,1
782,1.0,8514,8514,2
783,1.0,3340,3340,7
784,0.9998846996425689,17346,17344,1
786,0.6426219841776817,40702,26156,5
787,0.9637890033868992,27754,26749,4
788,0.9999491895737005,19681,19680,4
789,1.0,12046,12046,2
79,0.9987739791963315,672093,671269,44
790,1.0,4552,4552,3
791,1.0,2512,2512,2
792,1.0,3903,3903,5
793,0.9997038791827065,3377,3376,3
794,0.9998245614035087,17100,17097,1
795,1.0,2559,2559,3
796,1.0,771,771,5
798,1.0,9287,9287,8
8,0.9999989868807131,4935253,4935248,434
80,0.9999955968667303,454222,454220,59
800,1.0,3066,3066,5
801,1.0,2813,2813,6
802,0.9992952783650458,1419,1418,8
803,0.999898718792728,19747,19745,2
804,1.0,1351,1351,2
805,1.0,3264,3264,5
806,0.34680880520559326,7223,2505,3
807,1.0,2060,2060,6
809,1.0,9395,9395,6
81,0.9851451987070168,992743,977996,29
810,0.9867345730190691,25329,24993,7
811,1.0,2501,2501,9
812,1.0,5721,5721,1
8129,1.0,367,367,0
813,1.0,4114,4114,4
814,1.0,5600,5600,4
815,0.9995421054822462,24023,24012,3
816,1.0,3666,3666,10
817,1.0,6846,6846,3
818,1.0,7545,7545,2
819,1.0,1337,1337,4
8196,1.0,241,241,0
82,0.9999982920347332,585492,585491,23
820,1.0,6879,6879,3
821,1.0,5580,5580,4
822,1.0,278,278,11
823,1.0,2394,2394,10
825,1.0,346,346,7
826,1.0,5172,5172,4
8269,0.937984496124031,258,242,0
828,1.0,2615,2615,2
829,1.0,2987,2987,5
83,0.9999928111728751,556419,556415,44
830,1.0,2386,2386,4
831,0.9988439306358381,865,864,13
833,1.0,4378,4378,4
835,0.9997237569060774,3620,3619,8
8353,0.9905548996458088,847,839,0
836,1.0,1328,1328,8
837,1.0,2409,2409,4
838,0.47890387124836886,6897,3303,1
839,1.0,5482,5482,3
84,1.0,474398,474398,45
840,0.9994632313472893,3726,3724,2
841,1.0,3328,3328,3
842,1.0,3855,3855,4
843,1.0,5264,5264,2
844,1.0,662,662,2
845,1.0,5907,5907,5
846,1.0,616,616,7
847,1.0,3733,3733,1
848,1.0,6489,6489,4
85,1.0,376438,376438,26
850,1.0,1759,1759,4
851,0.9975336748245115,15813,15774,0
852,1.0,3400,3400,3
853,1.0,1880,1880,8
854,0.9998514380793915,33656,33651,1
8544,0.9902707275803723,2364,2341,0
8546,0.9933993399339934,303,301,0
855,1.0,3158,3158,3
856,1.0,291,291,5
857,1.0,4209,4209,1
859,1.0,210,210,3
86,1.0,472724,472724,50
8604,0.5947441217150761,723,430,0
861,0.9983677388382142,10415,10398,3
862,1.0,5861,5861,2
863,1.0,1968,1968,9
864,1.0,3449,3449,3
865,0.6011085704128051,123763,74395,0
866,1.0,2265,2265,10
867,1.0,6615,6615,4
868,0.9677694443837054,45733,44259,0
8685,1.0,267,267,0
869,0.9998793290696272,8287,8286,0
87,1.0,417152,417152,31
870,0.9990230905861457,45040,44996,0
8705,0.8049586776859504,605,487,0
871,1.0,2555,2555,6
8710,1.0,289,289,0
872,1.0,1788,1788,5
8723,0.9147465437788018,434,397,1
873,1.0,1272,1272,4
874,1.0,1731,1731,4
875,0.9959893048128342,2244,2235,8
876,1.0,620,620,2
877,1.0,156,156,10
878,1.0,2151,2151,3
88,1.0,451247,451247,32
880,1.0,4199,4199,3
881,1.0,2265,2265,2
882,1.0,445,445,5
883,0.99969960949234,3329,3328,8
884,1.0,6130,6130,2
885,1.0,897,897,7
886,0.9989906636386576,3963,3959,3
887,1.0,2305,2305,5
888,1.0,3585,3585,4
889,1.0,1560,1560,5
89,0.9880201293151879,587402,580365,41
890,0.9581167722599492,26359,25255,1
892,0.995435691559361,60031,59757,0
893,0.9647396768402154,13925,13434,3
894,1.0,7648,7648,1
895,1.0,868,868,8
896,0.9985974754558204,713,712,3
8968,0.9583333333333334,144,138,0
897,1.0,1675,1675,8
899,1.0,1053,1053,5
9,0.9999808980600211,5653876,5653768,612
90,0.9987492631610768,264644,264313,83
900,0.9814931650893796,9510,9334,2
901,1.0,840,840,8
902,1.0,4077,4077,1
903,1.0,1972,1972,4
904,1.0,11255,11255,1
905,0.4821590291613838,16563,7986,3
906,1.0,2217,2217,3
907,0.9900209436984108,8117,8036,1
908,1.0,1637,1637,5
9084,0.3333333333333333,525,175,0
909,1.0,2491,2491,1
91,0.999966489219103,417776,417762,56
910,1.0,1221,1221,3
911,1.0,968,968,6
913,1.0,1312,1312,5
914,1.0,971,971,6
915,1.0,1191,1191,8
916,1.0,1821,1821,10
917,1.0,4180,4180,9
918,1.0,2498,2498,2
919,1.0,2509,2509,6
92,0.999984718125831,850681,850668,32
920,1.0,3682,3682,1
921,0.9582306018854242,20685,19821,0
922,1.0,4485,4485,1
9224,0.9949748743718593,199,198,0
923,1.0,2220,2220,6
9244,0.8168137000518941,1927,1574,0
925,1.0,6108,6108,3
926,0.9935836501901141,25248,25086,0
927,1.0,4407,4407,3
928,1.0,3816,3816,5
929,0.9980879541108987,6276,6264,1
9293,0.47619047619047616,273,130,2
93,0.9978200697990269,581670,580402,46
930,1.0,1299,1299,4
931,1.0,2946,2946,7
932,0.9998259355961706,5745,5744,1
933,1.0,3639,3639,1
934,1.0,1548,1548,2
935,0.9990808823529411,1088,1087,4
936,1.0,2423,2423,2
937,1.0,3358,3358,5
9378,0.7560975609756098,205,155,0
938,0.9998247458815283,5706,5705,2
939,1.0,1302,1302,0
94,0.950071288659107,900564,855600,13
941,1.0,5168,5168,2
942,0.9971751412429378,708,706,8
943,1.0,2000,2000,4
945,1.0,1608,1608,2
946,1.0,2145,2145,4
947,1.0,2636,2636,2
948,0.9992481203007518,1330,1329,3
949,0.9978905571410845,8059,8042,1
95,0.9999914719669339,351781,351778,92
950,1.0,3745,3745,3
951,1.0,2231,2231,4
952,0.9983660130718954,612,611,6
953,1.0,1383,1383,5
954,0.5835807720086671,12461,7272,6
955,1.0,1767,1767,3
956,1.0,1899,1899,1
957,1.0,4527,4527,3
959,1.0,601,601,3
96,0.9971617444993022,554566,552992,42
960,1.0,278,278,4
961,1.0,753,753,7
962,1.0,208,208,3
963,0.9996939087848179,3267,3266,3
964,1.0,171,171,7
965,0.8168286755771568,3292,2689,4
966,1.0,759,759,8
967,1.0,6383,6383,2
968,1.0,2698,2698,1
97,0.9999904140185393,312957,312954,65
970,0.9968719130721106,6074,6055,2
972,0.9991735537190083,1210,1209,5
974,1.0,1185,1185,3
975,0.9997241379310344,14500,14496,0
976,1.0,4604,4604,0
977,1.0,238,238,6
978,0.9992464204973625,1327,1326,2
979,0.999072011878248,5388,5383,1
98,0.9935594930399514,995108,988699,12
980,1.0,586,586,7
981,0.9996243425995492,2662,2661,4
982,0.7865130155548976,43909,34535,0
984,0.9987567159539985,22521,22493,0
985,0.9994152046783625,1710,1709,3
986,1.0,1583,1583,3
987,1.0,1260,1260,6
988,0.9033929466822664,5983,5405,1
989,1.0,2652,2652,0
99,0.999942647742434,331286,331267,94
990,1.0,994,994,7
991,0.9990723562152134,1078,1077,6
992,1.0,329,329,5
993,1.0,884,884,5
994,0.9996859296482412,3184,3183,2
996,1.0,1932,1932,3
997,1.0,899,899,3
9973,0.3554964539007092,1128,401,0
998,1.0,431,431,2
999,1.0,1479,1479,1
